month,series,value,zscore_score,zscore_vote,mad_score,mad_vote,iforest_score,iforest_vote,lstm_ed_score,lstm_ed_vote,votes,anomaly,ensemble_score,near_drift
2018-06,notices,13.0,0.0,False,0.0,False,0.403557,False,0.723404,False,0,False,0.1032,False
2018-07,notices,0.0,0.0,False,0.0,False,0.68986,True,4.177324,False,1,False,0.2456,False
2018-08,notices,7.0,0.0,False,0.0,False,0.499499,False,0.067237,False,0,False,0.1083,False
2018-09,notices,10.0,0.0,False,0.0,False,0.377634,False,0.202808,False,0,False,0.0854,False
2018-10,notices,5.0,0.0,False,0.0,False,0.375937,False,0.152359,False,0,False,0.0839,False
2018-11,notices,17.0,0.0,False,0.0,False,0.414997,False,0.491193,False,0,False,0.1002,False
2018-12,notices,17.0,0.0,False,0.0,False,0.411002,False,0.445287,False,0,False,0.0983,False
2019-01,notices,5.0,0.0,False,0.0,False,0.412528,False,0.183802,False,0,False,0.0925,False
2019-02,notices,6.0,0.0,False,0.0,False,0.376023,False,0.064072,False,0,False,0.0818,False
2019-03,notices,15.0,0.0,False,0.0,False,0.405734,False,0.582449,False,0,False,0.1004,False
2019-04,notices,6.0,0.0,False,0.0,False,0.382086,False,0.032608,False,0,False,0.0824,False
2019-05,notices,7.0,0.0,False,0.0,False,0.365683,False,0.100243,False,0,False,0.0805,False
2019-06,notices,2.0,1.310823,False,2.438122,False,0.469664,False,0.497199,False,0,False,0.2682,False
2019-07,notices,3.0,0.689764,False,1.499004,False,0.427948,False,0.082179,False,0,False,0.1846,False
2019-08,notices,5.0,0.483596,False,0.504837,False,0.385831,False,0.048905,False,0,False,0.1248,False
2019-09,notices,14.0,1.100171,False,1.649007,False,0.405685,False,1.26282,False,0,False,0.2309,False
2019-10,notices,3.0,1.197259,False,1.068063,False,0.452796,False,0.092439,False,0,False,0.1933,False
2019-11,notices,9.0,0.423575,False,0.394557,False,0.393854,False,0.404876,False,0,False,0.1278,False
2019-12,notices,5.0,0.332684,False,0.223875,False,0.368405,False,0.031609,False,0,False,0.1026,False
2020-01,notices,2.0,1.730107,False,1.831761,False,0.444866,False,1.151782,False,0,False,0.2705,False
2020-02,notices,11.0,1.103552,False,0.856219,False,0.421113,False,0.053186,False,0,False,0.1729,False
2020-03,notices,21.0,1.897296,False,1.505809,False,0.463724,False,0.072586,False,0,False,0.2426,False
2020-04,notices,15.0,1.291511,False,1.128806,False,0.428897,False,0.148699,False,0,False,0.196,False
2020-05,notices,25.0,1.749711,False,1.43152,False,0.483539,False,0.351775,False,0,False,0.2441,False
2020-06,notices,17.0,1.015511,False,0.779409,False,0.425846,False,0.399515,False,0,False,0.1752,False
2020-07,notices,12.0,0.459122,False,0.183638,False,0.404358,False,0.386321,False,0,False,0.1223,False
2020-08,notices,6.0,0.529468,False,0.880829,False,0.395603,False,0.081061,False,0,False,0.1452,False
2020-09,notices,4.0,1.075295,False,1.430586,False,0.42661,False,0.040498,False,0,False,0.1965,False
2020-10,notices,2.0,1.776131,False,1.768587,False,0.472291,False,0.385995,False,0,False,0.2577,False
2020-11,notices,1.0,2.433549,False,2.532661,False,0.518381,False,1.480511,False,0,False,0.3525,False
2020-12,notices,3.0,0.770684,False,0.928797,False,0.486528,False,0.123093,False,0,False,0.1777,False
2021-01,notices,4.0,0.445204,False,0.566212,False,0.407752,False,0.129486,False,0,False,0.1323,False
2021-02,notices,8.0,0.156283,False,0.014345,False,0.381719,False,0.139318,False,0,False,0.0919,False
2021-03,notices,38.0,1.728552,False,1.426572,False,0.527273,False,0.704949,False,0,False,0.2607,False
2021-04,notices,40.0,1.613107,False,1.469565,False,0.535551,False,0.193013,False,0,False,0.2474,False
2021-05,notices,72.0,1.911478,False,1.820648,False,0.565296,False,1.118597,False,0,False,0.3026,False
2021-06,notices,7.0,0.127806,False,0.008018,False,0.497959,False,0.628119,False,0,False,0.1268,False
2021-07,notices,5.0,0.3335,False,0.252419,False,0.361339,False,0.298332,False,0,False,0.1086,False
2021-08,notices,9.0,0.179717,False,0.683043,False,0.371688,False,0.101188,False,0,False,0.1177,False
2021-09,notices,7.0,0.042028,False,0.206579,False,0.370712,False,0.046498,False,0,False,0.0907,False
2021-10,notices,3.0,0.745394,False,0.81242,False,0.422332,False,0.256885,False,0,False,0.1612,False
2021-11,notices,16.0,0.559369,False,0.792649,False,0.426838,False,1.082259,False,0,False,0.173,False
2021-12,notices,5.0,0.662368,False,0.39239,False,0.392201,False,0.010752,False,0,False,0.128,False
2022-01,notices,9.0,0.1543,False,0.241794,False,0.373343,False,0.353912,False,0,False,0.1046,False
2022-02,notices,6.0,0.648076,False,0.441985,False,0.367257,False,0.064667,False,0,False,0.1254,False
2022-03,notices,4.0,1.027231,False,1.000189,False,0.38603,False,0.057039,False,0,False,0.1683,False
2022-04,notices,8.0,0.138852,False,0.26768,False,0.379825,False,0.13294,False,0,False,0.1012,False
2022-05,notices,6.0,0.347846,False,0.353784,False,0.36401,False,0.031929,False,0,False,0.1078,False
2022-06,notices,14.0,1.779381,False,2.002781,False,0.401558,False,0.222715,False,0,False,0.2486,False
2022-07,notices,5.0,0.651219,False,0.595329,False,0.383801,False,0.591982,False,0,False,0.1479,False
2022-08,notices,9.0,0.555808,False,0.753671,False,0.370476,False,0.32899,False,0,False,0.1414,False
2022-09,notices,68.0,4.708592,True,5.394913,True,0.580451,False,1.622906,False,2,True,0.5831,False
2022-10,notices,9.0,0.098762,False,0.541035,False,0.480567,False,0.165008,False,0,False,0.1332,False
2022-11,notices,8.0,0.16924,False,0.093762,False,0.371335,False,0.075085,False,0,False,0.0921,False
2022-12,notices,8.0,0.095585,False,0.0,False,0.364785,False,0.023604,False,0,False,0.0825,False
2023-01,notices,9.0,0.01149,False,0.391869,False,0.371903,False,0.059812,False,0,False,0.0977,False
2023-02,notices,5.0,0.80811,False,1.563722,False,0.372622,False,0.087946,False,0,False,0.1805,False
2023-03,notices,7.0,0.312942,False,0.444265,False,0.37379,False,0.02814,False,0,False,0.1121,False
2023-04,notices,6.0,0.621169,False,1.544213,False,0.36511,False,0.02185,False,0,False,0.1687,False
2023-05,notices,5.0,0.838162,False,1.505258,False,0.373634,False,0.032581,False,0,False,0.1782,False
2023-06,notices,17.0,0.915897,False,2.414069,False,0.415675,False,1.077715,False,0,False,0.2529,False
2023-07,notices,3.0,1.515095,False,3.141254,True,0.47408,False,0.157629,False,1,False,0.299,False
2023-08,notices,13.0,0.528378,False,1.554912,False,0.423558,False,1.122223,False,0,False,0.2037,False
2023-09,notices,2.0,1.900759,False,2.468188,False,0.499896,False,0.262142,False,0,False,0.295,False
2023-10,notices,3.0,1.343153,False,1.975588,False,0.433735,False,0.060874,False,0,False,0.2324,False
2023-11,notices,1.0,2.88933,False,4.28907,True,0.499958,False,0.835534,False,1,False,0.4256,False
2023-12,notices,0.0,2.893458,False,2.939311,False,0.559421,False,2.21155,False,0,False,0.4145,False
2024-01,notices,7.0,0.535537,False,0.413159,False,0.481904,False,0.745581,False,0,False,0.16,False
2024-02,notices,1.0,1.358649,False,2.12512,False,0.501691,False,0.9792,False,0,False,0.2754,False
2024-03,notices,7.0,0.651647,False,0.637354,False,0.434265,False,0.436168,False,0,False,0.1567,False
2024-04,notices,10.0,0.981231,False,1.021428,False,0.399782,False,0.864689,False,0,False,0.1892,False
2024-05,notices,5.0,0.292428,False,0.214082,False,0.390146,False,0.143335,False,0,False,0.1078,False
2024-06,notices,5.0,0.292428,False,0.214082,False,0.382323,False,0.093513,False,0,False,0.105,False
2024-07,notices,1.0,1.167358,False,1.458041,False,0.510597,False,1.644715,False,0,False,0.2571,False
2024-08,notices,11.0,1.224611,False,0.874952,False,0.481773,False,0.406622,False,0,False,0.2,False
2024-09,notices,6.0,0.683054,False,0.366901,False,0.393144,False,0.157011,False,0,False,0.1314,False
2024-10,notices,4.0,0.206613,False,0.250023,False,0.378721,False,1.757871,False,0,False,0.1413,False
2024-11,notices,195.0,3.84641,True,4.799972,True,0.714214,True,2.47801,False,3,True,0.5711,False
2024-12,notices,455.0,2.959714,False,6.506858,True,0.731896,True,5.261317,False,2,True,0.6534,False
2025-01,notices,0.0,1.594084,False,3.771853,True,0.722179,True,10.921164,True,3,True,0.6279,False
2025-02,notices,48.0,0.947207,False,2.25366,False,0.672736,True,1.511427,False,1,False,0.3126,False
2025-03,notices,17.0,0.271182,False,1.286028,False,0.467631,False,0.409973,False,0,False,0.1744,False
2025-04,notices,5.0,0.38991,False,0.408111,False,0.396705,False,0.111405,False,0,False,0.1206,False
2025-05,notices,9.0,0.060808,False,0.36611,False,0.371688,False,0.156431,False,0,False,0.1009,False
2025-06,notices,7.0,0.214042,False,0.045294,False,0.364881,False,0.07191,False,0,False,0.0905,False
2025-07,notices,1.0,1.224746,False,1.931376,False,0.526874,False,1.872976,False,0,False,0.2881,False
2025-08,notices,7.0,0.229414,False,0.117153,False,0.450759,False,0.21581,False,0,False,0.1158,False
2025-09,notices,5.0,0.381419,False,0.313702,False,0.362755,False,0.081958,False,0,False,0.1084,False
2025-10,notices,6.0,0.279829,False,0.143719,False,0.370507,False,0.282701,False,0,False,0.1035,False
2025-11,notices,4.0,0.507131,False,0.616879,False,0.379986,False,0.094663,False,0,False,0.1302,False
2025-12,notices,4.0,0.383086,False,0.802716,False,0.390523,False,0.143374,False,0,False,0.1362,False
2026-01,notices,0.0,2.000345,False,5.137001,True,0.566233,False,2.31369,False,1,False,0.4728,False
2026-02,notices,1.0,1.410358,False,3.649501,True,0.544812,False,1.014633,False,1,False,0.3511,False
2026-03,notices,16.0,1.389983,False,2.331679,False,0.515061,False,1.654048,False,0,False,0.304,False
2026-04,notices,4.0,0.055495,False,0.447319,False,0.428387,False,0.039718,False,0,False,0.1134,False
2026-05,notices,3.0,0.207267,False,0.60105,False,0.407029,False,0.183119,False,0,False,0.1249,False
2026-06,notices,9.0,0.992717,False,1.133527,False,0.3971,False,0.18255,False,0,False,0.1777,False
2026-07,notices,9.0,0.952764,False,1.133527,False,0.38057,False,0.058681,False,0,False,0.1696,False
2026-08,notices,12.0,1.109274,False,1.571487,False,0.404644,False,0.035676,False,0,False,0.199,False
2026-09,notices,9.0,0.73222,False,0.858751,False,0.387109,False,0.217832,False,0,False,0.1541,False
2018-06,penalty_total_brl,520000.0,0.0,False,0.0,False,0.474163,False,0.690989,False,0,False,0.1125,False
2018-07,penalty_total_brl,0.0,0.0,False,0.0,False,0.599591,False,4.749977,False,0,False,0.2193,False
2018-08,penalty_total_brl,739327.4,0.0,False,0.0,False,0.576687,False,0.517802,False,0,False,0.1304,False
2018-09,penalty_total_brl,1872501.03,0.0,False,0.0,False,0.485617,False,0.213745,False,0,False,0.1054,False
2018-10,penalty_total_brl,137141.0,0.0,False,0.0,False,0.529557,False,2.192567,False,0,False,0.1539,False
2018-11,penalty_total_brl,57677408.66,0.0,False,0.0,False,0.633354,True,1.238186,False,1,False,0.1565,False
2018-12,penalty_total_brl,1491327.45,0.0,False,0.0,False,0.561078,False,0.342604,False,0,False,0.1237,False
2019-01,penalty_total_brl,14428761.95,0.0,False,0.0,False,0.497224,False,0.173224,False,0,False,0.107,False
2019-02,penalty_total_brl,9456402.129999999,0.0,False,0.0,False,0.455106,False,0.04522,False,0,False,0.0957,False
2019-03,penalty_total_brl,43583310.21,0.0,False,0.0,False,0.490973,False,0.669654,False,0,False,0.1156,False
2019-04,penalty_total_brl,17932138.23,0.0,False,0.0,False,0.464074,False,0.227031,False,0,False,0.1012,False
2019-05,penalty_total_brl,20109580.13,0.0,False,0.0,False,0.432633,False,0.300129,False,0,False,0.0961,False
2019-06,penalty_total_brl,301660.25,0.918949,False,1.076288,False,0.531657,False,1.589059,False,0,False,0.2255,False
2019-07,penalty_total_brl,3613846.19,0.105015,False,0.062161,False,0.447199,False,0.031324,False,0,False,0.1008,False
2019-08,penalty_total_brl,4192880.59,0.010902,False,0.172334,False,0.414727,False,0.027156,False,0,False,0.0946,False
2019-09,penalty_total_brl,7817206.29,0.242199,False,0.122907,False,0.404298,False,0.042233,False,0,False,0.1003,False
2019-10,penalty_total_brl,2774533.47,0.374384,False,0.888915,False,0.449443,False,0.230849,False,0,False,0.1509,False
2019-11,penalty_total_brl,97718620.05,1.760065,False,1.910283,False,0.504268,False,0.844986,False,0,False,0.2748,False
2019-12,penalty_total_brl,30048253.47,0.892056,False,0.983438,False,0.40987,False,0.113342,False,0,False,0.1658,False
2020-01,penalty_total_brl,2431811.54,0.906885,False,1.074945,False,0.467173,False,0.728195,False,0,False,0.1944,False
2020-02,penalty_total_brl,29923591.200000003,0.823414,False,0.842136,False,0.409751,False,0.033787,False,0,False,0.1554,False
2020-03,penalty_total_brl,55387194.66,1.125225,False,0.935541,False,0.390183,False,0.152674,False,0,False,0.1702,False
2020-04,penalty_total_brl,62150233.11,1.168178,False,1.005397,False,0.389766,False,0.213887,False,0,False,0.176,False
2020-05,penalty_total_brl,8195127.33,0.135183,False,0.210152,False,0.433096,False,0.208999,False,0,False,0.1088,False
2020-06,penalty_total_brl,43093577.19,0.886539,False,0.904762,False,0.402342,False,0.23816,False,0,False,0.1632,False
2020-07,penalty_total_brl,98625038.03,1.426236,False,0.961841,False,0.407408,False,0.850863,False,0,False,0.2013,False
2020-08,penalty_total_brl,13718067.370000001,0.240342,False,0.444751,False,0.42248,False,0.12974,False,0,False,0.1191,False
2020-09,penalty_total_brl,12865858.99,0.380774,False,0.581373,False,0.39141,False,0.220379,False,0,False,0.126,False
2020-10,penalty_total_brl,566434.6,2.885474,False,3.288583,True,0.511882,False,0.435349,False,1,False,0.3725,False
2020-11,penalty_total_brl,301095.56,2.675184,False,3.812167,True,0.555821,False,0.704945,False,1,False,0.4001,False
2020-12,penalty_total_brl,512130.70999999996,1.682422,False,2.596507,False,0.527553,False,0.483236,False,0,False,0.2978,False
2021-01,penalty_total_brl,3214937.9299999997,0.472892,False,0.644316,False,0.479088,False,0.188902,False,0,False,0.1501,False
2021-02,penalty_total_brl,12343330.6,0.174417,False,0.034846,False,0.403569,False,0.39218,False,0,False,0.1006,False
2021-03,penalty_total_brl,7139214.840000001,0.059668,False,0.269296,False,0.39694,False,0.076222,False,0,False,0.0979,False
2021-04,penalty_total_brl,6827799.05,0.003602,False,0.201306,False,0.39494,False,0.022381,False,0,False,0.0913,False
2021-05,penalty_total_brl,15087340.55,0.554863,False,0.631575,False,0.394709,False,0.043022,False,0,False,0.1325,False
2021-06,penalty_total_brl,5091263.49,0.085558,False,0.533854,False,0.417879,False,0.167682,False,0,False,0.1162,False
2021-07,penalty_total_brl,37321405.38999999,1.199542,False,1.563856,False,0.403853,False,0.279833,False,0,False,0.2048,False
2021-08,penalty_total_brl,26518805.17,1.138892,False,1.245058,False,0.387551,False,0.206051,False,0,False,0.1842,False
2021-09,penalty_total_brl,33196054.27,1.207088,False,1.360413,False,0.38981,False,0.346547,False,0,False,0.1951,False
2021-10,penalty_total_brl,2139106.81,0.536331,False,0.756264,False,0.468099,False,0.342458,False,0,False,0.1582,False
2021-11,penalty_total_brl,736357.53,1.338553,False,1.549402,False,0.492772,False,0.851454,False,0,False,0.2399,False
2021-12,penalty_total_brl,11327980.66,0.416333,False,0.333373,False,0.426651,False,0.066936,False,0,False,0.1215,False
2022-01,penalty_total_brl,69726196.27,1.834519,False,1.729489,False,0.415557,False,0.872659,False,0,False,0.2524,False
2022-02,penalty_total_brl,33958741.49,0.914533,False,0.86233,False,0.389851,False,0.395806,False,0,False,0.1631,False
2022-03,penalty_total_brl,372097.11000000004,2.591883,False,2.560831,False,0.521136,False,1.815944,False,0,False,0.3593,False
2022-04,penalty_total_brl,5424466.88,0.304223,False,0.625332,False,0.449464,False,0.156454,False,0,False,0.1355,False
2022-05,penalty_total_brl,43402440.830000006,0.962798,False,0.853033,False,0.39312,False,0.175562,False,0,False,0.161,False
2022-06,penalty_total_brl,45988534.06,0.912502,False,0.633003,False,0.379958,False,0.104227,False,0,False,0.1456,False
2022-07,penalty_total_brl,125923824.42,1.358579,False,1.508511,False,0.420153,False,0.474153,False,0,False,0.2164,False
2022-08,penalty_total_brl,10951278.17,0.082552,False,0.73985,False,0.453969,False,0.165179,False,0,False,0.1321,False
2022-09,penalty_total_brl,98231825.88999999,1.14222,False,1.023976,False,0.411668,False,0.340693,False,0,False,0.1828,False
2022-10,penalty_total_brl,64323891.230000004,0.828893,False,0.627428,False,0.390548,False,0.203097,False,0,False,0.1461,False
2022-11,penalty_total_brl,77634527.37,0.795663,False,0.446538,False,0.398776,False,0.334265,False,0,False,0.1415,False
2022-12,penalty_total_brl,1969043.47,1.553624,False,3.141855,True,0.52274,False,0.866601,False,1,False,0.3218,False
2023-01,penalty_total_brl,21516575.14,0.011836,False,0.735299,False,0.422825,False,0.03263,False,0,False,0.1199,False
2023-02,penalty_total_brl,22004476.73,0.056383,False,0.4568,False,0.38327,False,0.042931,False,0,False,0.1021,False
2023-03,penalty_total_brl,50045241.25,0.546539,False,0.332021,False,0.390463,False,0.347367,False,0,False,0.1249,False
2023-04,penalty_total_brl,20663172.34,0.269678,False,0.722955,False,0.399899,False,0.124827,False,0,False,0.1272,False
2023-05,penalty_total_brl,399142.92,3.861654,True,4.423314,True,0.551486,False,1.622567,False,2,True,0.4923,False
2023-06,penalty_total_brl,116088236.77000001,0.98432,False,1.093978,False,0.526251,False,1.358558,False,0,False,0.2232,False
2023-07,penalty_total_brl,6899636.86,0.702175,False,1.094873,False,0.488874,False,0.035656,False,0,False,0.1774,False
2023-08,penalty_total_brl,911924.76,1.771511,False,1.916871,False,0.503809,False,0.694138,False,0,False,0.2724,False
2023-09,penalty_total_brl,35577301.68,0.449739,False,0.274016,False,0.442499,False,0.518418,False,0,False,0.1326,False
2023-10,penalty_total_brl,24320037.52,0.305931,False,0.067234,False,0.379749,False,0.310149,False,0,False,0.1008,False
2023-11,penalty_total_brl,20849790.23,0.274224,False,0.029064,False,0.376564,False,0.320485,False,0,False,0.0975,False
2023-12,penalty_total_brl,0.0,3.725903,True,6.816212,True,0.590309,False,6.258217,False,2,True,0.6526,False
2024-01,penalty_total_brl,20776684.28,0.395222,False,0.018841,False,0.519261,False,0.160936,False,0,False,0.1286,False
2024-02,penalty_total_brl,165807883.49,1.236016,False,1.980602,False,0.46518,False,1.082542,False,0,False,0.2524,False
2024-03,penalty_total_brl,89688658.51,0.869843,False,0.9945,False,0.411838,False,0.579862,False,0,False,0.175,False
2024-04,penalty_total_brl,67848430.17,0.733527,False,0.621511,False,0.390033,False,0.456918,False,0,False,0.1468,False
2024-05,penalty_total_brl,13496725.05,0.086396,False,0.269221,False,0.40941,False,0.067909,False,0,False,0.1015,False
2024-06,penalty_total_brl,30577775.770000003,0.303054,False,0.180561,False,0.389523,False,0.256015,False,0,False,0.1064,False
2024-07,penalty_total_brl,40000.01,2.374676,False,5.290642,True,0.64631,True,5.395245,False,2,True,0.5612,False
2024-08,penalty_total_brl,39782208.35,0.529731,False,0.475414,False,0.511286,False,0.2961,False,0,False,0.1543,False
2024-09,penalty_total_brl,63163793.47,0.591206,False,1.048208,False,0.384218,False,0.376459,False,0,False,0.1558,False
2024-10,penalty_total_brl,16314565.78,0.105618,False,0.449055,False,0.405207,False,0.036395,False,0,False,0.1083,False
2024-11,penalty_total_brl,230643320.85999998,1.027447,False,1.933587,False,0.518597,False,1.279854,False,0,False,0.2568,False
2024-12,penalty_total_brl,242415149.38,0.935821,False,1.53463,False,0.495872,False,1.545956,False,0,False,0.237,False
2025-01,penalty_total_brl,0.0,3.174737,True,5.270446,True,0.68812,True,7.095443,True,4,True,0.6362,False
2025-02,penalty_total_brl,71846948.67,0.451343,False,0.209417,False,0.56953,False,0.560736,False,0,False,0.1573,False
2025-03,penalty_total_brl,60931882.45999999,0.427291,False,0.154492,False,0.401611,False,0.398733,False,0,False,0.1158,False
2025-04,penalty_total_brl,35718533.43,0.266789,False,0.273853,False,0.395952,False,0.191524,False,0,False,0.1088,False
2025-05,penalty_total_brl,23634357.53,0.151175,False,0.42481,False,0.384314,False,0.124743,False,0,False,0.1065,False
2025-06,penalty_total_brl,35141271.23,0.265387,False,0.081518,False,0.388574,False,0.406751,False,0,False,0.1035,False
2025-07,penalty_total_brl,0.0,2.177184,False,8.761411,True,0.608072,True,6.283095,False,2,True,0.5922,False
2025-08,penalty_total_brl,17554787.73,0.051534,False,0.88783,False,0.530853,False,0.273411,False,0,False,0.1552,False
2025-09,penalty_total_brl,71042927.7,0.513312,False,0.666034,False,0.412161,False,0.908859,False,0,False,0.1531,False
2025-10,penalty_total_brl,102032968.15,0.623159,False,1.012577,False,0.403591,False,1.389531,False,0,False,0.1798,False
2025-11,penalty_total_brl,18485915.09,0.037647,False,0.853808,False,0.430283,False,0.483167,False,0,False,0.1364,False
2025-12,penalty_total_brl,25913643.169999998,0.214282,False,0.301801,False,0.381662,False,1.10786,False,0,False,0.123,False
2026-01,penalty_total_brl,0.0,2.102846,False,7.934124,True,0.575357,False,3.010277,False,1,False,0.5173,False
2026-02,penalty_total_brl,0.0,2.102846,False,7.934124,True,0.64892,True,3.04743,False,2,True,0.5334,False
2026-03,penalty_total_brl,54105031.52,0.662165,False,0.832188,False,0.546945,False,2.104868,False,0,False,0.218,False
2026-04,penalty_total_brl,715991.21,0.595351,False,4.159047,True,0.514332,False,0.445258,False,1,False,0.3141,False
2026-05,penalty_total_brl,7623735.87,0.190245,False,0.6257,False,0.444508,False,0.071128,False,0,False,0.128,False
2026-06,penalty_total_brl,80775163.19,0.918344,False,0.818883,False,0.407128,False,0.372335,False,0,False,0.1646,False
2026-07,penalty_total_brl,94573368.58,0.928306,False,0.778705,False,0.396311,False,0.209155,False,0,False,0.1578,False
2026-08,penalty_total_brl,125418770.97,0.88976,False,0.9484,False,0.420489,False,0.188174,False,0,False,0.1679,False
2026-09,penalty_total_brl,58988342.99,0.577043,False,0.317842,False,0.407849,False,0.000775,False,0,False,0.1223,False
