month,notices,penalty_total_brl,excluded,missing_key
2018-06,13,520000,0,0
2018-07,0,0,0,0
2018-08,7,739327.4,0,0
2018-09,10,1872501.03,0,0
2018-10,5,137141,0,0
2018-11,17,57677408.66,0,0
2018-12,17,1491327.45,0,0
2019-01,5,14428761.95,0,0
2019-02,6,9456402.13,0,0
2019-03,15,43583310.21,0,0
2019-04,6,17932138.23,0,0
2019-05,7,20109580.13,0,0
2019-06,2,301660.25,0,0
2019-07,3,3613846.19,0,0
2019-08,5,4192880.59,0,0
2019-09,14,7817206.29,0,0
2019-10,3,2774533.47,0,0
2019-11,9,97718620.05,0,0
2019-12,5,30048253.47,0,0
2020-01,2,2431811.54,0,0
2020-02,11,29923591.2,0,0
2020-03,21,55387194.66,0,0
2020-04,15,62150233.11,0,0
2020-05,25,8195127.33,0,0
2020-06,17,43093577.19,0,0
2020-07,12,98625038.03,0,0
2020-08,6,13718067.37,0,0
2020-09,4,12865858.99,0,0
2020-10,2,566434.6,0,0
2020-11,1,301095.56,0,0
2020-12,3,512130.71,0,0
2021-01,4,3214937.93,0,0
2021-02,8,12343330.6,0,0
2021-03,38,7139214.84,0,0
2021-04,40,6827799.05,0,0
2021-05,72,15087340.55,0,0
2021-06,7,5091263.49,0,0
2021-07,5,37321405.39,0,0
2021-08,9,26518805.17,0,0
2021-09,7,33196054.27,0,0
2021-10,3,2139106.81,0,0
2021-11,16,736357.53,0,0
2021-12,5,11327980.66,0,0
2022-01,9,69726196.27,0,0
2022-02,6,33958741.49,0,0
2022-03,4,372097.11,0,0
2022-04,8,5424466.88,0,0
2022-05,6,43402440.83,0,0
2022-06,14,45988534.06,0,0
2022-07,5,125923824.4,0,0
2022-08,9,10951278.17,0,0
2022-09,68,98231825.89,0,0
2022-10,9,64323891.23,0,0
2022-11,8,77634527.37,0,0
2022-12,8,1969043.47,0,0
2023-01,9,21516575.14,0,0
2023-02,5,22004476.73,0,0
2023-03,7,50045241.25,0,0
2023-04,6,20663172.34,0,0
2023-05,5,399142.92,0,0
2023-06,17,116088236.8,0,0
2023-07,3,6899636.86,0,0
2023-08,13,911924.76,0,0
2023-09,2,35577301.68,0,0
2023-10,3,24320037.52,0,0
2023-11,1,20849790.23,0,0
2023-12,0,0,0,0
2024-01,7,20776684.28,0,0
2024-02,1,165807883.5,0,0
2024-03,7,89688658.51,0,0
2024-04,10,67848430.17,0,0
2024-05,5,13496725.05,0,0
2024-06,5,30577775.77,0,0
2024-07,1,40000.01,0,0
2024-08,11,39782208.35,0,0
2024-09,6,63163793.47,0,0
2024-10,4,16314565.78,0,0
2024-11,195,230643320.9,0,0
2024-12,455,242415149.4,0,0
2025-01,0,0,0,0
2025-02,48,71846948.67,0,0
2025-03,17,60931882.46,0,0
2025-04,5,35718533.43,0,0
2025-05,9,23634357.53,0,0
2025-06,7,35141271.23,0,0
2025-07,1,0,0,0
2025-08,7,17554787.73,0,0
2025-09,5,71042927.7,0,0
2025-10,6,102032968.2,0,0
2025-11,4,18485915.09,0,0
2025-12,4,25913643.17,0,0
2026-01,0,0,0,0
2026-02,1,0,0,0
2026-03,16,54105031.52,0,0
2026-04,4,715991.21,0,0
2026-05,3,7623735.87,0,0
2026-06,9,80775163.19,0,0
2026-07,9,94573368.58,0,0
2026-08,12,125418771,0,0
2026-09,9,58988342.99,0,0
